Designator,Footprint,Quantity,Value,LCSC Part #
D91,LED_2010_5025Metric_Pad1.52x2.65mm_HandSolder,1,GREEN,
D94,LED_2010_5025Metric_Pad1.52x2.65mm_HandSolder,1,GREEN,
D40,LED_2010_5025Metric_Pad1.52x2.65mm_HandSolder,1,GREEN,
D22,LED_2010_5025Metric_Pad1.52x2.65mm_HandSolder,1,GREEN,
D83,LED_2010_5025Metric_Pad1.52x2.65mm_HandSolder,1,GREEN,
D77,LED_2010_5025Metric_Pad1.52x2.65mm_HandSolder,1,GREEN,
R1,R_1210_3225Metric_Pad1.30x2.65mm_HandSolder,1,2K,
H2,MountingHole_2.2mm_M2_Pad,1,GND,
D86,LED_2010_5025Metric_Pad1.52x2.65mm_HandSolder,1,GREEN,
D95,LED_2010_5025Metric_Pad1.52x2.65mm_HandSolder,1,GREEN,
D37,LED_2010_5025Metric_Pad1.52x2.65mm_HandSolder,1,GREEN,
D75,LED_2010_5025Metric_Pad1.52x2.65mm_HandSolder,1,GREEN,
D78,LED_2010_5025Metric_Pad1.52x2.65mm_HandSolder,1,GREEN,
D12,LED_2010_5025Metric_Pad1.52x2.65mm_HandSolder,1,GREEN,
D65,LED_2010_5025Metric_Pad1.52x2.65mm_HandSolder,1,GREEN,
D67,LED_2010_5025Metric_Pad1.52x2.65mm_HandSolder,1,GREEN,
D68,LED_2010_5025Metric_Pad1.52x2.65mm_HandSolder,1,GREEN,
D6,LED_2010_5025Metric_Pad1.52x2.65mm_HandSolder,1,GREEN,
D72,LED_2010_5025Metric_Pad1.52x2.65mm_HandSolder,1,GREEN,
D17,LED_2010_5025Metric_Pad1.52x2.65mm_HandSolder,1,GREEN,
D23,LED_2010_5025Metric_Pad1.52x2.65mm_HandSolder,1,GREEN,
D51,LED_2010_5025Metric_Pad1.52x2.65mm_HandSolder,1,GREEN,
D89,LED_2010_5025Metric_Pad1.52x2.65mm_HandSolder,1,GREEN,
D35,LED_2010_5025Metric_Pad1.52x2.65mm_HandSolder,1,GREEN,
D31,LED_2010_5025Metric_Pad1.52x2.65mm_HandSolder,1,GREEN,
D55,LED_2010_5025Metric_Pad1.52x2.65mm_HandSolder,1,GREEN,
D7,LED_2010_5025Metric_Pad1.52x2.65mm_HandSolder,1,GREEN,
D69,LED_2010_5025Metric_Pad1.52x2.65mm_HandSolder,1,GREEN,
H5,MountingHole_4mm,1,MountingHole,
D2,LED_2010_5025Metric_Pad1.52x2.65mm_HandSolder,1,GREEN,
D73,LED_2010_5025Metric_Pad1.52x2.65mm_HandSolder,1,GREEN,
D11,LED_2010_5025Metric_Pad1.52x2.65mm_HandSolder,1,GREEN,
D27,LED_2010_5025Metric_Pad1.52x2.65mm_HandSolder,1,GREEN,
D71,LED_2010_5025Metric_Pad1.52x2.65mm_HandSolder,1,GREEN,
D84,LED_2010_5025Metric_Pad1.52x2.65mm_HandSolder,1,GREEN,
D45,LED_2010_5025Metric_Pad1.52x2.65mm_HandSolder,1,GREEN,
D15,LED_2010_5025Metric_Pad1.52x2.65mm_HandSolder,1,GREEN,
D30,LED_2010_5025Metric_Pad1.52x2.65mm_HandSolder,1,GREEN,
D57,LED_2010_5025Metric_Pad1.52x2.65mm_HandSolder,1,GREEN,
D13,LED_2010_5025Metric_Pad1.52x2.65mm_HandSolder,1,GREEN,
D56,LED_2010_5025Metric_Pad1.52x2.65mm_HandSolder,1,GREEN,
D59,LED_2010_5025Metric_Pad1.52x2.65mm_HandSolder,1,GREEN,
D92,LED_2010_5025Metric_Pad1.52x2.65mm_HandSolder,1,GREEN,
D44,LED_2010_5025Metric_Pad1.52x2.65mm_HandSolder,1,GREEN,
D79,LED_2010_5025Metric_Pad1.52x2.65mm_HandSolder,1,GREEN,
D26,LED_2010_5025Metric_Pad1.52x2.65mm_HandSolder,1,GREEN,
H4,MountingHole_4mm,1,MountingHole,
D63,LED_2010_5025Metric_Pad1.52x2.65mm_HandSolder,1,GREEN,
D20,LED_2010_5025Metric_Pad1.52x2.65mm_HandSolder,1,GREEN,
D43,LED_2010_5025Metric_Pad1.52x2.65mm_HandSolder,1,GREEN,
D34,LED_2010_5025Metric_Pad1.52x2.65mm_HandSolder,1,GREEN,
D4,LED_2010_5025Metric_Pad1.52x2.65mm_HandSolder,1,GREEN,
D46,LED_2010_5025Metric_Pad1.52x2.65mm_HandSolder,1,GREEN,
H3,MountingHole_4mm,1,MountingHole,
D38,LED_2010_5025Metric_Pad1.52x2.65mm_HandSolder,1,GREEN,
R3,R_1210_3225Metric_Pad1.30x2.65mm_HandSolder,1,2K,
D21,LED_2010_5025Metric_Pad1.52x2.65mm_HandSolder,1,GREEN,
D49,LED_2010_5025Metric_Pad1.52x2.65mm_HandSolder,1,GREEN,
D36,LED_2010_5025Metric_Pad1.52x2.65mm_HandSolder,1,GREEN,
D1,LED_2010_5025Metric_Pad1.52x2.65mm_HandSolder,1,GREEN,
D18,LED_2010_5025Metric_Pad1.52x2.65mm_HandSolder,1,GREEN,
D14,LED_2010_5025Metric_Pad1.52x2.65mm_HandSolder,1,GREEN,
D81,LED_2010_5025Metric_Pad1.52x2.65mm_HandSolder,1,GREEN,
D70,LED_2010_5025Metric_Pad1.52x2.65mm_HandSolder,1,GREEN,
H1,MountingHole_2.2mm_M2_Pad,1,12V,
D10,LED_2010_5025Metric_Pad1.52x2.65mm_HandSolder,1,GREEN,
D42,LED_2010_5025Metric_Pad1.52x2.65mm_HandSolder,1,GREEN,
D32,LED_2010_5025Metric_Pad1.52x2.65mm_HandSolder,1,GREEN,
H6,MountingHole_4mm,1,MountingHole,
D80,LED_2010_5025Metric_Pad1.52x2.65mm_HandSolder,1,GREEN,
D48,LED_2010_5025Metric_Pad1.52x2.65mm_HandSolder,1,GREEN,
D16,LED_2010_5025Metric_Pad1.52x2.65mm_HandSolder,1,GREEN,
D62,LED_2010_5025Metric_Pad1.52x2.65mm_HandSolder,1,GREEN,
D25,LED_2010_5025Metric_Pad1.52x2.65mm_HandSolder,1,GREEN,
D3,LED_2010_5025Metric_Pad1.52x2.65mm_HandSolder,1,GREEN,
D47,LED_2010_5025Metric_Pad1.52x2.65mm_HandSolder,1,GREEN,
R2,R_1210_3225Metric_Pad1.30x2.65mm_HandSolder,1,2K,
D8,LED_2010_5025Metric_Pad1.52x2.65mm_HandSolder,1,GREEN,
D90,LED_2010_5025Metric_Pad1.52x2.65mm_HandSolder,1,GREEN,
D19,LED_2010_5025Metric_Pad1.52x2.65mm_HandSolder,1,GREEN,
D41,LED_2010_5025Metric_Pad1.52x2.65mm_HandSolder,1,GREEN,
D76,LED_2010_5025Metric_Pad1.52x2.65mm_HandSolder,1,GREEN,
D61,LED_2010_5025Metric_Pad1.52x2.65mm_HandSolder,1,GREEN,
D58,LED_2010_5025Metric_Pad1.52x2.65mm_HandSolder,1,GREEN,
D74,LED_2010_5025Metric_Pad1.52x2.65mm_HandSolder,1,GREEN,
D9,LED_2010_5025Metric_Pad1.52x2.65mm_HandSolder,1,GREEN,
D5,LED_2010_5025Metric_Pad1.52x2.65mm_HandSolder,1,GREEN,
D54,LED_2010_5025Metric_Pad1.52x2.65mm_HandSolder,1,GREEN,
D24,LED_2010_5025Metric_Pad1.52x2.65mm_HandSolder,1,GREEN,
D29,LED_2010_5025Metric_Pad1.52x2.65mm_HandSolder,1,GREEN,
D50,LED_2010_5025Metric_Pad1.52x2.65mm_HandSolder,1,GREEN,
D60,LED_2010_5025Metric_Pad1.52x2.65mm_HandSolder,1,GREEN,
D64,LED_2010_5025Metric_Pad1.52x2.65mm_HandSolder,1,GREEN,
D28,LED_2010_5025Metric_Pad1.52x2.65mm_HandSolder,1,GREEN,
D87,LED_2010_5025Metric_Pad1.52x2.65mm_HandSolder,1,GREEN,
D39,LED_2010_5025Metric_Pad1.52x2.65mm_HandSolder,1,GREEN,
D88,LED_2010_5025Metric_Pad1.52x2.65mm_HandSolder,1,GREEN,
D33,LED_2010_5025Metric_Pad1.52x2.65mm_HandSolder,1,GREEN,
D96,LED_2010_5025Metric_Pad1.52x2.65mm_HandSolder,1,GREEN,
D85,LED_2010_5025Metric_Pad1.52x2.65mm_HandSolder,1,GREEN,
D82,LED_2010_5025Metric_Pad1.52x2.65mm_HandSolder,1,GREEN,
D93,LED_2010_5025Metric_Pad1.52x2.65mm_HandSolder,1,GREEN,
D53,LED_2010_5025Metric_Pad1.52x2.65mm_HandSolder,1,GREEN,
D52,LED_2010_5025Metric_Pad1.52x2.65mm_HandSolder,1,GREEN,
D66,LED_2010_5025Metric_Pad1.52x2.65mm_HandSolder,1,GREEN,
U2,DIP-28_W7.62mm,1,TLC5940NT,
U1,DIP-28_W7.62mm,1,TLC5940NT,
U3,DIP-28_W7.62mm,1,TLC5940NT,
C3,C_0805_2012Metric_Pad1.18x1.45mm_HandSolder,1,100N,
J1,PinHeader_1x06_P2.54mm_Vertical,1,Conn_01x06_Male,
C1,C_0805_2012Metric_Pad1.18x1.45mm_HandSolder,1,100N,
C2,C_0805_2012Metric_Pad1.18x1.45mm_HandSolder,1,100N,
