<?xml version="1.0" encoding="utf-8"?>
<!--/252412/908298/2.49/8/2/Connector/-->
<quadcept_library>
  <setting unit="mil" />
  <textstyle name="Default" height="47.244094488189" strokewidth="7.8740157480315" charwidth="47.244094488189" />
  <textstyle name="Dimension" height="19.6850393700787" strokewidth="0" charwidth="19.6850393700787" />
  <textstyle name="H127W0635TH00762" height="50" strokewidth="3" charwidth="25" />
  <textstyle name="H15W15TH02" height="59.0551181102362" strokewidth="7.8740157480315" charwidth="59.0551181102362" />
  <padstyle name="c152_h102" surface="False" plated="True" isvia="False" nopaste="True" nomask="True" complex="False" holesize="40.15748031496">
    <padshape layer="TOP" shape="round" width="59.842519685039" height="59.842519685039" />
    <padshape layer="TOP_SOLDER_MASK" shape="round" width="67.71653543307" height="67.71653543307" />
    <padshape layer="INNER" shape="round" width="59.842519685039" height="59.842519685039" />
    <padshape layer="BOTTOM" shape="round" width="59.842519685039" height="59.842519685039" />
    <padshape layer="BOTTOM_SOLDER_MASK" shape="round" width="67.71653543307" height="67.71653543307" />
  </padstyle>
  <padstyle name="c300_h300" surface="False" plated="True" isvia="False" nopaste="True" nomask="True" complex="False" holesize="118.11023622047">
    <padshape layer="TOP" shape="round" width="118.11023622047" height="118.11023622047" />
    <padshape layer="TOP_SOLDER_MASK" shape="round" width="125.9842519685" height="125.9842519685" />
    <padshape layer="INNER" shape="round" width="118.11023622047" height="118.11023622047" />
    <padshape layer="BOTTOM" shape="round" width="118.11023622047" height="118.11023622047" />
    <padshape layer="BOTTOM_SOLDER_MASK" shape="round" width="125.9842519685" height="125.9842519685" />
  </padstyle>
  <padstyle name="s152_h102" surface="False" plated="True" isvia="False" nopaste="True" nomask="True" complex="False" holesize="40.15748031496">
    <padshape layer="TOP" shape="square" width="59.842519685039" height="59.842519685039" />
    <padshape layer="TOP_SOLDER_MASK" shape="square" width="67.71653543307" height="67.71653543307" />
    <padshape layer="INNER" shape="round" width="59.842519685039" height="59.842519685039" />
    <padshape layer="BOTTOM" shape="square" width="59.842519685039" height="59.842519685039" />
    <padshape layer="BOTTOM_SOLDER_MASK" shape="square" width="67.71653543307" height="67.71653543307" />
  </padstyle>
  <footprint name="43045-08(00,01,02,10)" originx="0" originy="0" pickpointx="0" pickpointy="0">
    <pcbpin number="1" name="1" style="s152_h102" originx="0" originy="0" rotation="90" />
    <pcbpin number="2" name="2" style="c152_h102" originx="-118.11023622047" originy="0" rotation="90" />
    <pcbpin number="3" name="3" style="c152_h102" originx="-236.22047244094" originy="0" rotation="90" />
    <pcbpin number="4" name="4" style="c152_h102" originx="-354.33070866141" originy="0" rotation="90" />
    <pcbpin number="5" name="5" style="c152_h102" originx="0" originy="118.11023622047" rotation="90" />
    <pcbpin number="6" name="6" style="c152_h102" originx="-118.11023622047" originy="118.11023622047" rotation="90" />
    <pcbpin number="7" name="7" style="c152_h102" originx="-236.22047244094" originy="118.11023622047" rotation="90" />
    <pcbpin number="8" name="8" style="c152_h102" originx="-354.33070866141" originy="118.11023622047" rotation="90" />
    <pcbpin number="9" name="9" style="c300_h300" originx="-85.039370078739" originy="-170.07874015748" rotation="90" />
    <pcbpin number="10" name="10" style="c300_h300" originx="-269.29133858267" originy="-170.07874015748" rotation="90" />
    <line layer="TOP_ASSEMBLY" originx="-485.23622047243" originy="138.58267716535" endx="130.90551181102" endy="138.58267716535" width="4.9999999999999" />
    <line layer="TOP_ASSEMBLY" originx="130.90551181102" originy="138.58267716535" endx="130.90551181102" endy="-343.30708661417" width="4.9999999999999" />
    <line layer="TOP_ASSEMBLY" originx="130.90551181102" originy="-343.30708661417" endx="-485.23622047243" endy="-343.30708661417" width="4.9999999999999" />
    <line layer="TOP_ASSEMBLY" originx="-485.23622047243" originy="-343.30708661417" endx="-485.23622047243" endy="138.58267716535" width="4.9999999999999" />
    <line layer="TOP_SILKSCREEN" originx="130.90551181102" originy="138.58267716535" endx="130.90551181102" endy="-343.30708661417" width="4.9999999999999" />
    <line layer="TOP_SILKSCREEN" originx="130.90551181102" originy="-343.30708661417" endx="-485.23622047243" endy="-343.30708661417" width="4.9999999999999" />
    <line layer="TOP_SILKSCREEN" originx="-485.23622047243" originy="-343.30708661417" endx="-485.23622047243" endy="138.58267716535" width="4.9999999999999" />
    <line layer="TOP_SILKSCREEN" originx="196.85039370078" originy="19.685039370078" endx="196.85039370078" endy="-19.685039370078" width="4.9999999999999" />
    <line layer="TOP_SILKSCREEN" originx="196.85039370078" originy="-19.685039370078" endx="157.48031496063" endy="0" width="4.9999999999999" />
    <line layer="TOP_SILKSCREEN" originx="157.48031496063" originy="0" endx="196.85039370078" endy="19.685039370078" width="4.9999999999999" />
    <line layer="TOP_ASSEMBLY" originx="196.85039370078" originy="19.685039370078" endx="196.85039370078" endy="-19.685039370078" width="4.9999999999999" />
    <line layer="TOP_ASSEMBLY" originx="196.85039370078" originy="-19.685039370078" endx="157.48031496063" endy="0" width="4.9999999999999" />
    <line layer="TOP_ASSEMBLY" originx="157.48031496063" originy="0" endx="196.85039370078" endy="19.685039370078" width="4.9999999999999" />
    <line layer="TOP_PLACE_BOUND" originx="-535.23622047243" originy="196.03149606299" endx="180.90551181102" endy="196.03149606299" width="1.9685039370079" />
    <line layer="TOP_PLACE_BOUND" originx="180.90551181102" originy="196.03149606299" endx="180.90551181102" endy="-393.30708661417" width="1.9685039370079" />
    <line layer="TOP_PLACE_BOUND" originx="180.90551181102" originy="-393.30708661417" endx="-535.23622047243" endy="-393.30708661417" width="1.9685039370079" />
    <line layer="TOP_PLACE_BOUND" originx="-535.23622047243" originy="-393.30708661417" endx="-535.23622047243" endy="196.03149606299" width="1.9685039370079" />
  </footprint>
  <symbol name="43045-0800" originx="0" originy="0">
    <line originx="200" originy="100" endx="600" endy="100" width="0" />
    <line originx="600" originy="-400" endx="600" endy="100" width="0" />
    <line originx="600" originy="-400" endx="200" endy="-400" width="0" />
    <line originx="200" originy="100" endx="200" endy="-400" width="0" />
    <sympin number="1" originx="200" originy="-300" rotation="180" length="100" width="7.8740157480315" flipped="False">
      <text name="pinname" originx="230" originy="-300" style="Default" rotation="0" justify="left" flipped="False" hidden="False" data="1" />
      <text name="pindes" originx="140" originy="-280" style="Default" rotation="0" justify="lowerright" flipped="False" hidden="False" data="1" />
    </sympin>
    <sympin number="2" originx="200" originy="-200" rotation="180" length="100" width="7.8740157480315" flipped="False">
      <text name="pinname" originx="230" originy="-200" style="Default" rotation="0" justify="left" flipped="False" hidden="False" data="2" />
      <text name="pindes" originx="140" originy="-180" style="Default" rotation="0" justify="lowerright" flipped="False" hidden="False" data="2" />
    </sympin>
    <sympin number="3" originx="200" originy="-100" rotation="180" length="100" width="7.8740157480315" flipped="False">
      <text name="pinname" originx="230" originy="-100" style="Default" rotation="0" justify="left" flipped="False" hidden="False" data="3" />
      <text name="pindes" originx="140" originy="-80" style="Default" rotation="0" justify="lowerright" flipped="False" hidden="False" data="3" />
    </sympin>
    <sympin number="4" originx="200" originy="0" rotation="180" length="100" width="7.8740157480315" flipped="False">
      <text name="pinname" originx="230" originy="0" style="Default" rotation="0" justify="left" flipped="False" hidden="False" data="4" />
      <text name="pindes" originx="140" originy="20" style="Default" rotation="0" justify="lowerright" flipped="False" hidden="False" data="4" />
    </sympin>
    <sympin number="5" originx="600" originy="-300" rotation="0" length="100" width="7.8740157480315" flipped="False">
      <text name="pinname" originx="570" originy="-300" style="Default" rotation="0" justify="right" flipped="False" hidden="False" data="5" />
      <text name="pindes" originx="660" originy="-280" style="Default" rotation="0" justify="lowerleft" flipped="False" hidden="False" data="5" />
    </sympin>
    <sympin number="6" originx="600" originy="-200" rotation="0" length="100" width="7.8740157480315" flipped="False">
      <text name="pinname" originx="570" originy="-200" style="Default" rotation="0" justify="right" flipped="False" hidden="False" data="6" />
      <text name="pindes" originx="660" originy="-180" style="Default" rotation="0" justify="lowerleft" flipped="False" hidden="False" data="6" />
    </sympin>
    <sympin number="7" originx="600" originy="-100" rotation="0" length="100" width="7.8740157480315" flipped="False">
      <text name="pinname" originx="570" originy="-100" style="Default" rotation="0" justify="right" flipped="False" hidden="False" data="7" />
      <text name="pindes" originx="660" originy="-80" style="Default" rotation="0" justify="lowerleft" flipped="False" hidden="False" data="7" />
    </sympin>
    <sympin number="8" originx="600" originy="0" rotation="0" length="100" width="7.8740157480315" flipped="False">
      <text name="pinname" originx="570" originy="0" style="Default" rotation="0" justify="right" flipped="False" hidden="False" data="8" />
      <text name="pindes" originx="660" originy="20" style="Default" rotation="0" justify="lowerleft" flipped="False" hidden="False" data="8" />
    </sympin>
  </symbol>
  <component name="43045-0800" designatorprefix="J" height="345.27559055118" footprint="43045-08(00,01,02,10)">
    <comppin designator="1" sympin="1" pinswap="0" gateswap="0" gate="1" group="1" side="" type="Any" name="1" />
    <comppin designator="2" sympin="2" pinswap="0" gateswap="0" gate="1" group="1" side="" type="Any" name="2" />
    <comppin designator="3" sympin="3" pinswap="0" gateswap="0" gate="1" group="1" side="" type="Any" name="3" />
    <comppin designator="4" sympin="4" pinswap="0" gateswap="0" gate="1" group="1" side="" type="Any" name="4" />
    <comppin designator="5" sympin="5" pinswap="0" gateswap="0" gate="1" group="1" side="" type="Any" name="5" />
    <comppin designator="6" sympin="6" pinswap="0" gateswap="0" gate="1" group="1" side="" type="Any" name="6" />
    <comppin designator="7" sympin="7" pinswap="0" gateswap="0" gate="1" group="1" side="" type="Any" name="7" />
    <comppin designator="8" sympin="8" pinswap="0" gateswap="0" gate="1" group="1" side="" type="Any" name="8" />
    <attached_symbol gate="1" name="43045-0800" />
    <pinmap designator="1" footprintpin="1" />
    <pinmap designator="2" footprintpin="2" />
    <pinmap designator="3" footprintpin="3" />
    <pinmap designator="4" footprintpin="4" />
    <pinmap designator="5" footprintpin="5" />
    <pinmap designator="6" footprintpin="6" />
    <pinmap designator="7" footprintpin="7" />
    <pinmap designator="8" footprintpin="8" />
    <text name="Datasheet" originx="0" originy="0" style="Default" rotation="0" justify="" flipped="False" hidden="True" data="https://www.molex.com/pdm_docs/sd/430450200_sd.pdf" />
    <text name="Description" originx="0" originy="0" style="Default" rotation="0" justify="" flipped="False" hidden="True" data="Micro-Fit 3.0 Right-Angle Header, 3.00mm Pitch, Dual Row, 8 Circuits, with Snap-in Plastic Peg PCB Lock" />
    <text name="Manufacturer_Name" originx="0" originy="0" style="Default" rotation="0" justify="" flipped="False" hidden="True" data="Molex" />
    <text name="Manufacturer_Part_Number" originx="650" originy="200" style="Default" rotation="0" justify="left" flipped="False" hidden="False" data="43045-0800" />
    <text name="Mouser Part Number" originx="0" originy="0" style="Default" rotation="0" justify="" flipped="False" hidden="True" data="538-43045-0800" />
    <text name="Mouser Price/Stock" originx="0" originy="0" style="Default" rotation="0" justify="" flipped="False" hidden="True" data="https://www.mouser.co.uk/ProductDetail/Molex/43045-0800?qs=MGlPTwjtJ4Z70Z3DbkGxKw%3D%3D" />
    <text name="Arrow Part Number" originx="0" originy="0" style="Default" rotation="0" justify="" flipped="False" hidden="True" data="" />
    <text name="Arrow Price/Stock" originx="0" originy="0" style="Default" rotation="0" justify="" flipped="False" hidden="True" data="" />
  </component>
</quadcept_library>
