Designator,Footprint,Quantity,Value,LCSC Part #
J6,CONN-TH_WJ126V-5.0-2P,1,Screw_Terminal_01x02,C557685
J2,PinSocket_1x15_P2.54mm_Vertical,1,Conn_01x15_Female,
SW1,SW-SMD_DSHP02TSGER,1,SW_DIP_x02,C367376
J13,CONN-TH_WJ126V-5.0-2P,1,Screw_Terminal_01x02,C557685
U1,SOIC-8_L5.0-W4.0-P1.27-LS6.0-BL,1,MAX487ESA+T,C9953
C3,C0402,1,1uF,C52923
J11,CONN-TH_WJ126V-5.0-2P,1,Screw_Terminal_01x02,C557685
U3,SOP-16_L10.0-W3.9-P1.27-LS6.0-BL,1,ULN2003A,C7512
J17,CONN-TH_WJ126V-5.0-2P,1,Screw_Terminal_01x02,C557685
H1,MountingHole_3.2mm_M3,1,MountingHole,
J14,CONN-TH_WJ126V-5.0-2P,1,Screw_Terminal_01x02,C557685
H2,MountingHole_3.2mm_M3,1,MountingHole,
H3,MountingHole_3.2mm_M3,1,MountingHole,
H4,MountingHole_3.2mm_M3,1,MountingHole,
J8,CONN-TH_WJ126V-5.0-2P,1,Screw_Terminal_01x02,C557685
J9,CONN-TH_WJ126V-5.0-2P,1,Screw_Terminal_01x02,C557685
J16,CONN-TH_WJ126V-5.0-2P,1,Screw_Terminal_01x02,C557685
U2,SOT-223-3_TabPin2,1,AMS1117-5.0,C6187
J12,CONN-TH_WJ126V-5.0-2P,1,Screw_Terminal_01x02,C557685
J18,CONN-TH_WJ126V-5.0-2P,1,Screw_Terminal_01x02,C557685
J4,CONN-TH_WJ126V-5.0-2P,1,Screw_Terminal_01x02,C557685
J5,CONN-TH_WJ126V-5.0-2P,1,Screw_Terminal_01x02,C557685
J10,CONN-TH_WJ126V-5.0-2P,1,Screw_Terminal_01x02,C557685
R2,R_0805_2012Metric,1,1.8K,C17398
J7,CONN-TH_WJ126V-5.0-2P,1,Screw_Terminal_01x02,C557685
J1,PinSocket_1x15_P2.54mm_Vertical,1,Conn_01x15_Female,
R3,R_0805_2012Metric,1,120R,C17437
J15,CONN-TH_WJ126V-5.0-2P,1,Screw_Terminal_01x02,C557685
R1,R_0805_2012Metric,1,1.8K,C17398
C2,C0402,1,10uF,C15525
C1,C0402,1,1uF,C52923
J3,CONN-TH_WJ126V-5.0-2P,1,Screw_Terminal_01x02,C557685
RJ1,RJ45-TH_B-1-1,1,RJ45-B-1*1,C138392
SW2,SW-SMD_DSHP02TSGER,1,SW_DIP_x02,C367376
